"Abbey Road","http://www.doogal.co.uk/StationMap.php?station=Abbey%20Road","51.531952","0.003738","3"
"Abbey Wood","http://www.doogal.co.uk/StationMap.php?station=Abbey%20Wood","51.490784","0.120286","4"
"Acton","http://www.doogal.co.uk/StationMap.php?station=Acton","51.516887","-0.267676","3"
"Acton Central","http://www.doogal.co.uk/StationMap.php?station=Acton%20Central","51.508758","-0.263416","2"
"Acton Town","http://www.doogal.co.uk/StationMap.php?station=Acton%20Town","51.503071","-0.280288","3"
"Albany Park","http://www.doogal.co.uk/StationMap.php?station=Albany%20Park","51.435816","0.126459","5"
"Aldgate","http://www.doogal.co.uk/StationMap.php?station=Aldgate","51.514342","-0.075613","1"
"Aldgate East","http://www.doogal.co.uk/StationMap.php?station=Aldgate%20East","51.515082","-0.072987","1"
"Alexandra Palace","http://www.doogal.co.uk/StationMap.php?station=Alexandra%20Palace","51.598263","-0.120135","3"
"All Saints","http://www.doogal.co.uk/StationMap.php?station=All%20Saints","51.510477","-0.01261","2"
"Alperton","http://www.doogal.co.uk/StationMap.php?station=Alperton","51.541209","-0.299501","4"
"Amersham","http://www.doogal.co.uk/StationMap.php?station=Amersham","51.674129","-0.606499","9"
"Anerley","http://www.doogal.co.uk/StationMap.php?station=Anerley","51.412517","-0.065123","4"
"Angel","http://www.doogal.co.uk/StationMap.php?station=Angel","51.532968","-0.105567","1"
"Angel Road","http://www.doogal.co.uk/StationMap.php?station=Angel%20Road","51.61242","-0.048718","4"
"Archway","http://www.doogal.co.uk/StationMap.php?station=Archway","51.565491","-0.135107","2,3"
"Arnos Grove","http://www.doogal.co.uk/StationMap.php?station=Arnos%20Grove","51.61623","-0.134256","4"
"Arsenal","http://www.doogal.co.uk/StationMap.php?station=Arsenal","51.558541","-0.105486","2"
"Baker Street","http://www.doogal.co.uk/StationMap.php?station=Baker%20Street","51.52313","-0.15689","1"
"Balham","http://www.doogal.co.uk/StationMap.php?station=Balham","51.443183","-0.152671","3"
"Bank","http://www.doogal.co.uk/StationMap.php?station=Bank","51.513347","-0.088986","1"
"Banstead","http://www.doogal.co.uk/StationMap.php?station=Banstead","51.329293","-0.213118","6"
"Barbican","http://www.doogal.co.uk/StationMap.php?station=Barbican","51.520215","-0.097707","1"
"Barking","http://www.doogal.co.uk/StationMap.php?station=Barking","51.539521","0.080846","4"
"Barkingside","http://www.doogal.co.uk/StationMap.php?station=Barkingside","51.585851","0.088491","4"
"Barnehurst","http://www.doogal.co.uk/StationMap.php?station=Barnehurst","51.46478","0.160962","6"
"Barnes","http://www.doogal.co.uk/StationMap.php?station=Barnes","51.467128","-0.242019","3"
"Barnes Bridge","http://www.doogal.co.uk/StationMap.php?station=Barnes%20Bridge","51.472228","-0.252348","3"
"Barons Court","http://www.doogal.co.uk/StationMap.php?station=Barons%20Court","51.490229","-0.213416","2"
"Battersea Park","http://www.doogal.co.uk/StationMap.php?station=Battersea%20Park","51.477318","-0.148109","2"
"Bayswater","http://www.doogal.co.uk/StationMap.php?station=Bayswater","51.512111","-0.187887","1"
"Beckenham Hill","http://www.doogal.co.uk/StationMap.php?station=Beckenham%20Hill","51.424626","-0.016481","4"
"Beckenham Junction","http://www.doogal.co.uk/StationMap.php?station=Beckenham%20Junction","51.410942","-0.025687","4"
"Beckton","http://www.doogal.co.uk/StationMap.php?station=Beckton","51.514377","0.06154","3"
"Beckton Park","http://www.doogal.co.uk/StationMap.php?station=Beckton%20Park","51.508901","0.054836","3"
"Becontree","http://www.doogal.co.uk/StationMap.php?station=Becontree","51.539585","0.126895","5"
"Bellingham","http://www.doogal.co.uk/StationMap.php?station=Bellingham","51.433865","-0.020397","3"
"Belmont","http://www.doogal.co.uk/StationMap.php?station=Belmont","51.34412","-0.199475","5"
"Belsize Park","http://www.doogal.co.uk/StationMap.php?station=Belsize%20Park","51.550191","-0.16396","2"
"Belvedere","http://www.doogal.co.uk/StationMap.php?station=Belvedere","51.491959","0.152048","5"
"Bermondsey","http://www.doogal.co.uk/StationMap.php?station=Bermondsey","51.497961","-0.064316","2"
"Berrylands","http://www.doogal.co.uk/StationMap.php?station=Berrylands","51.398768","-0.280307","5"
"Bethnal Green","http://www.doogal.co.uk/StationMap.php?station=Bethnal%20Green","51.527192","-0.055378","2"
"Bethnal Green Rail","http://www.doogal.co.uk/StationMap.php?station=Bethnal%20Green%20Rail","51.524283","-0.059999","2"
"Bexley","http://www.doogal.co.uk/StationMap.php?station=Bexley","51.440815","0.148218","6"
"Bexleyheath","http://www.doogal.co.uk/StationMap.php?station=Bexleyheath","51.46355","0.133377","5"
"Bickley","http://www.doogal.co.uk/StationMap.php?station=Bickley","51.40038","0.044318","5"
"Birkbeck","http://www.doogal.co.uk/StationMap.php?station=Birkbeck","51.403863","-0.056272","4"
"Blackfriars","http://www.doogal.co.uk/StationMap.php?station=Blackfriars","51.511587","-0.102981","1"
"Blackheath","http://www.doogal.co.uk/StationMap.php?station=Blackheath","51.465408","0.008351","3"
"Blackhorse Road","http://www.doogal.co.uk/StationMap.php?station=Blackhorse%20Road","51.585777","-0.039611","3"
"Blackwall","http://www.doogal.co.uk/StationMap.php?station=Blackwall","51.507832","-0.007221","2"
"Bond Street","http://www.doogal.co.uk/StationMap.php?station=Bond%20Street","51.513798","-0.149599","1"
"Borough","http://www.doogal.co.uk/StationMap.php?station=Borough","51.501049","-0.094183","1"
"Boston Manor","http://www.doogal.co.uk/StationMap.php?station=Boston%20Manor","51.495766","-0.324733","4"
"Bounds Green","http://www.doogal.co.uk/StationMap.php?station=Bounds%20Green","51.607032","-0.124163","3,4"
"Bow Church","http://www.doogal.co.uk/StationMap.php?station=Bow%20Church","51.527615","-0.020485","2"
"Bow Road","http://www.doogal.co.uk/StationMap.php?station=Bow%20Road","51.527042","-0.024345","2"
"Bowes Park","http://www.doogal.co.uk/StationMap.php?station=Bowes%20Park","51.60725","-0.119778","3,4"
"Brent Cross","http://www.doogal.co.uk/StationMap.php?station=Brent%20Cross","51.576599","-0.213321","3"
"Brentford","http://www.doogal.co.uk/StationMap.php?station=Brentford","51.487536","-0.309608","4"
"Brentwood","http://www.doogal.co.uk/StationMap.php?station=Brentwood","51.61361","0.299687","7"
"Brimsdown","http://www.doogal.co.uk/StationMap.php?station=Brimsdown","51.655245","-0.031078","5"
"Brixton","http://www.doogal.co.uk/StationMap.php?station=Brixton","51.462737","-0.114538","2"
"Brockley","http://www.doogal.co.uk/StationMap.php?station=Brockley","51.46475","-0.037734","2"
"Bromley North","http://www.doogal.co.uk/StationMap.php?station=Bromley%20North","51.408942","0.01725","4"
"Bromley South","http://www.doogal.co.uk/StationMap.php?station=Bromley%20South","51.400001","0.017374","5"
"Bromley-by-Bow","http://www.doogal.co.uk/StationMap.php?station=Bromley-by-Bow","51.52484","-0.011668","2,3"
"Brondesbury","http://www.doogal.co.uk/StationMap.php?station=Brondesbury","51.545262","-0.202824","2"
"Brondesbury Park","http://www.doogal.co.uk/StationMap.php?station=Brondesbury%20Park","51.540325","-0.21046","2"
"Broxbourne","http://www.doogal.co.uk/StationMap.php?station=Broxbourne","51.747016","-0.01101","9"
"Bruce Grove","http://www.doogal.co.uk/StationMap.php?station=Bruce%20Grove","51.594011","-0.070385","3"
"Buckhurst Hill","http://www.doogal.co.uk/StationMap.php?station=Buckhurst%20Hill","51.626577","0.046727","5"
"Burnt Oak","http://www.doogal.co.uk/StationMap.php?station=Burnt%20Oak","51.602552","-0.264316","4"
"Bush Hill Park","http://www.doogal.co.uk/StationMap.php?station=Bush%20Hill%20Park","51.641482","-0.069266","5"
"Bushey","http://www.doogal.co.uk/StationMap.php?station=Bushey","51.645544","-0.384707","8"
"Caledonian Road","http://www.doogal.co.uk/StationMap.php?station=Caledonian%20Road","51.547885","-0.118346","2"
"Caledonian Road and Barnsbury","http://www.doogal.co.uk/StationMap.php?station=Caledonian%20Road%20and%20Barnsbury","51.543285","-0.11519","2"
"Cambridge Heath","http://www.doogal.co.uk/StationMap.php?station=Cambridge%20Heath","51.53206","-0.057189","2"
"Camden Road","http://www.doogal.co.uk/StationMap.php?station=Camden%20Road","51.541851","-0.139189","2"
"Camden Town","http://www.doogal.co.uk/StationMap.php?station=Camden%20Town","51.539969","-0.142438","2"
"Canada Water","http://www.doogal.co.uk/StationMap.php?station=Canada%20Water","51.498168","-0.050793","2"
"Canary Wharf","http://www.doogal.co.uk/StationMap.php?station=Canary%20Wharf","51.503578","-0.019452","2"
"Canning Town","http://www.doogal.co.uk/StationMap.php?station=Canning%20Town","51.51387","0.00832","3"
"Cannon Street","http://www.doogal.co.uk/StationMap.php?station=Cannon%20Street","51.511362","-0.090236","1"
"Canonbury","http://www.doogal.co.uk/StationMap.php?station=Canonbury","51.548188","-0.09256","2"
"Canons Park","http://www.doogal.co.uk/StationMap.php?station=Canons%20Park","51.607651","-0.294377","5"
"Carpenders Park","http://www.doogal.co.uk/StationMap.php?station=Carpenders%20Park","51.628187","-0.385815","7"
"Carshalton","http://www.doogal.co.uk/StationMap.php?station=Carshalton","51.368426","-0.166384","5"
"Carshalton Beeches","http://www.doogal.co.uk/StationMap.php?station=Carshalton%20Beeches","51.357387","-0.169482","5"
"Castle Bar Park","http://www.doogal.co.uk/StationMap.php?station=Castle%20Bar%20Park","51.522974","-0.33149","4"
"Caterham","http://www.doogal.co.uk/StationMap.php?station=Caterham","51.282163","-0.078593","6"
"Cobham and Stoke D'Abernon","http://www.doogal.co.uk/StationMap.php?station=Cobham%20and%20Stoke%20D%27Abernon","51.318347","-0.389022",""
"Catford","http://www.doogal.co.uk/StationMap.php?station=Catford","51.444265","-0.026524","3"
"Catford Bridge","http://www.doogal.co.uk/StationMap.php?station=Catford%20Bridge","51.444695","-0.024807","3"
"Chadwell Heath","http://www.doogal.co.uk/StationMap.php?station=Chadwell%20Heath","51.568047","0.128916","5"
"Chafford Hundred","http://www.doogal.co.uk/StationMap.php?station=Chafford%20Hundred","51.485554","0.28749","7"
"Chalfont and Latimer","http://www.doogal.co.uk/StationMap.php?station=Chalfont%20and%20Latimer","51.667908","-0.561053","8"
"Chalk Farm","http://www.doogal.co.uk/StationMap.php?station=Chalk%20Farm","51.544149","-0.153719","2"
"Chancery Lane","http://www.doogal.co.uk/StationMap.php?station=Chancery%20Lane","51.518494","-0.111948","1"
"Charing Cross","http://www.doogal.co.uk/StationMap.php?station=Charing%20Cross","51.508359","-0.124789","1"
"Charlton","http://www.doogal.co.uk/StationMap.php?station=Charlton","51.486835","0.030956","3"
"Cheam","http://www.doogal.co.uk/StationMap.php?station=Cheam","51.35546","-0.214197","5"
"Chelsfield","http://www.doogal.co.uk/StationMap.php?station=Chelsfield","51.356265","0.108998","6"
"Chesham","http://www.doogal.co.uk/StationMap.php?station=Chesham","51.70538","-0.611415","9"
"Cheshunt","http://www.doogal.co.uk/StationMap.php?station=Cheshunt","51.702873","-0.023873","8"
"Chessington North","http://www.doogal.co.uk/StationMap.php?station=Chessington%20North","51.364243","-0.300462","6"
"Chessington South","http://www.doogal.co.uk/StationMap.php?station=Chessington%20South","51.356705","-0.307075","6"
"Chigwell","http://www.doogal.co.uk/StationMap.php?station=Chigwell","51.617858","0.076194","4"
"Dartford","http://www.doogal.co.uk/StationMap.php?station=Dartford","51.4474","0.218098",""
"Chingford","http://www.doogal.co.uk/StationMap.php?station=Chingford","51.633253","0.009529","5"
"Chipstead","http://www.doogal.co.uk/StationMap.php?station=Chipstead","51.309275","-0.169432","6"
"Chislehurst","http://www.doogal.co.uk/StationMap.php?station=Chislehurst","51.405598","0.057506","5"
"Chiswick","http://www.doogal.co.uk/StationMap.php?station=Chiswick","51.480782","-0.266999","3"
"Chiswick Park","http://www.doogal.co.uk/StationMap.php?station=Chiswick%20Park","51.494371","-0.267723","3"
"Chorleywood","http://www.doogal.co.uk/StationMap.php?station=Chorleywood","51.654266","-0.518319","7"
"City Thameslink","http://www.doogal.co.uk/StationMap.php?station=City%20Thameslink","51.513935","-0.103604","1"
"Clapham Common","http://www.doogal.co.uk/StationMap.php?station=Clapham%20Common","51.461804","-0.138301","2"
"Clapham High Street","http://www.doogal.co.uk/StationMap.php?station=Clapham%20High%20Street","51.46547","-0.13245","2"
"Clapham Junction","http://www.doogal.co.uk/StationMap.php?station=Clapham%20Junction","51.464367","-0.170301","2"
"Clapham North","http://www.doogal.co.uk/StationMap.php?station=Clapham%20North","51.464916","-0.129896","2"
"Clapham South","http://www.doogal.co.uk/StationMap.php?station=Clapham%20South","51.452677","-0.14797","2,3"
"Clapton","http://www.doogal.co.uk/StationMap.php?station=Clapton","51.561569","-0.057475","2"
"Clock House","http://www.doogal.co.uk/StationMap.php?station=Clock%20House","51.408541","-0.040688","4"
"Cockfosters","http://www.doogal.co.uk/StationMap.php?station=Cockfosters","51.652024","-0.149902","5"
"Colindale","http://www.doogal.co.uk/StationMap.php?station=Colindale","51.595231","-0.250273","4"
"Colliers Wood","http://www.doogal.co.uk/StationMap.php?station=Colliers%20Wood","51.418759","-0.177401","3"
"Coulsdon South","http://www.doogal.co.uk/StationMap.php?station=Coulsdon%20South","51.315801","-0.137889","6"
"Covent Garden","http://www.doogal.co.uk/StationMap.php?station=Covent%20Garden","51.51276","-0.124492","1"
"Crayford","http://www.doogal.co.uk/StationMap.php?station=Crayford","51.448547","0.178517","6"
"Crews Hill","http://www.doogal.co.uk/StationMap.php?station=Crews%20Hill","51.684475","-0.10683","6"
"Cricklewood","http://www.doogal.co.uk/StationMap.php?station=Cricklewood","51.558423","-0.212534","3"
"Crofton Park","http://www.doogal.co.uk/StationMap.php?station=Crofton%20Park","51.455179","-0.036532","3"
"Crossharbour and London Arena","http://www.doogal.co.uk/StationMap.php?station=Crossharbour%20and%20London%20Arena","51.49584","-0.014918","2"
"Crouch Hill","http://www.doogal.co.uk/StationMap.php?station=Crouch%20Hill","51.571327","-0.117119","3"
"Croxley","http://www.doogal.co.uk/StationMap.php?station=Croxley","51.647005","-0.441589","7"
"Crystal Palace","http://www.doogal.co.uk/StationMap.php?station=Crystal%20Palace","51.41817","-0.072593","3,4"
"Custom House","http://www.doogal.co.uk/StationMap.php?station=Custom%20House","51.509622","0.025787","3"
"Cutty Sark for Maritime Greenwich","http://www.doogal.co.uk/StationMap.php?station=Cutty%20Sark%20for%20Maritime%20Greenwich","51.481944","-0.010567","2"
"Cyprus","http://www.doogal.co.uk/StationMap.php?station=Cyprus","51.508527","0.063855","3"
"Dagenham Dock","http://www.doogal.co.uk/StationMap.php?station=Dagenham%20Dock","51.526287","0.145045","5"
"Dagenham East","http://www.doogal.co.uk/StationMap.php?station=Dagenham%20East","51.544187","0.165848","5"
"Dagenham Heathway","http://www.doogal.co.uk/StationMap.php?station=Dagenham%20Heathway","51.541212","0.147694","5"
"Dalston Junction","http://www.doogal.co.uk/StationMap.php?station=Dalston%20Junction","51.546094","-0.07498","2"
"Dalston Kingsland","http://www.doogal.co.uk/StationMap.php?station=Dalston%20Kingsland","51.548668","-0.076213","2"
"Debden","http://www.doogal.co.uk/StationMap.php?station=Debden","51.645492","0.083816","6"
"Denmark Hill","http://www.doogal.co.uk/StationMap.php?station=Denmark%20Hill","51.468201","-0.090973","2"
"Deptford","http://www.doogal.co.uk/StationMap.php?station=Deptford","51.47889","-0.026182","2"
"Deptford Bridge","http://www.doogal.co.uk/StationMap.php?station=Deptford%20Bridge","51.474477","-0.022038","2,3"
"Devons Road","http://www.doogal.co.uk/StationMap.php?station=Devons%20Road","51.522258","-0.017993","2"
"Dollis Hill","http://www.doogal.co.uk/StationMap.php?station=Dollis%20Hill","51.551851","-0.238783","3"
"Drayton Green","http://www.doogal.co.uk/StationMap.php?station=Drayton%20Green","51.516005","-0.329597","4"
"Drayton Park","http://www.doogal.co.uk/StationMap.php?station=Drayton%20Park","51.553078","-0.105756","2"
"Ealing Broadway","http://www.doogal.co.uk/StationMap.php?station=Ealing%20Broadway","51.514862","-0.301996","3"
"Ealing Common","http://www.doogal.co.uk/StationMap.php?station=Ealing%20Common","51.510249","-0.287137","3"
"Earls Court","http://www.doogal.co.uk/StationMap.php?station=Earls%20Court","51.491357","-0.194299","1,2"
"Earlsfield","http://www.doogal.co.uk/StationMap.php?station=Earlsfield","51.442239","-0.187258","3"
"East Acton","http://www.doogal.co.uk/StationMap.php?station=East%20Acton","51.516263","-0.248098","2"
"East Croydon","http://www.doogal.co.uk/StationMap.php?station=East%20Croydon","51.375716","-0.091849","5"
"East Dulwich","http://www.doogal.co.uk/StationMap.php?station=East%20Dulwich","51.461626","-0.080422","2"
"East Finchley","http://www.doogal.co.uk/StationMap.php?station=East%20Finchley","51.587333","-0.164729","3"
"East Ham","http://www.doogal.co.uk/StationMap.php?station=East%20Ham","51.539246","0.051531","3,4"
"East India","http://www.doogal.co.uk/StationMap.php?station=East%20India","51.508684","-0.002356","2,3"
"East Putney","http://www.doogal.co.uk/StationMap.php?station=East%20Putney","51.45888","-0.210984","2,3"
"Eastcote","http://www.doogal.co.uk/StationMap.php?station=Eastcote","51.576552","-0.396809","5"
"Eden Park","http://www.doogal.co.uk/StationMap.php?station=Eden%20Park","51.390796","-0.026655","5"
"Edgware","http://www.doogal.co.uk/StationMap.php?station=Edgware","51.61423","-0.275079","5"
"Edgware Road (Bakerloo)","http://www.doogal.co.uk/StationMap.php?station=Edgware%20Road%20%28Bakerloo%29","51.520645","-0.170525","1"
"Edgware Road (Circle/District/Hammersmith and City)","http://www.doogal.co.uk/StationMap.php?station=Edgware%20Road%20%28Circle%2FDistrict%2FHammersmith%20and%20City%29","51.519998","-0.167654","1"
"Edmonton Green","http://www.doogal.co.uk/StationMap.php?station=Edmonton%20Green","51.625116","-0.061625","4"
"Elephant and Castle","http://www.doogal.co.uk/StationMap.php?station=Elephant%20and%20Castle","51.495849","-0.100724","1,2"
"Elm Park","http://www.doogal.co.uk/StationMap.php?station=Elm%20Park","51.549125","0.197267","6"
"Elmers End","http://www.doogal.co.uk/StationMap.php?station=Elmers%20End","51.398291","-0.049449","4"
"Elmstead Woods","http://www.doogal.co.uk/StationMap.php?station=Elmstead%20Woods","51.417081","0.044244","4"
"Elstree and Borehamwood","http://www.doogal.co.uk/StationMap.php?station=Elstree%20and%20Borehamwood","51.652876","-0.279814","6"
"Eltham","http://www.doogal.co.uk/StationMap.php?station=Eltham","51.455662","0.052344","4"
"Elverson Road","http://www.doogal.co.uk/StationMap.php?station=Elverson%20Road","51.468372","-0.016802","2,3"
"Embankment","http://www.doogal.co.uk/StationMap.php?station=Embankment","51.507313","-0.122353","1"
"Emerson Park","http://www.doogal.co.uk/StationMap.php?station=Emerson%20Park","51.569115","0.220237","6"
"Enfield Chase","http://www.doogal.co.uk/StationMap.php?station=Enfield%20Chase","51.652722","-0.09069","5"
"Enfield Lock","http://www.doogal.co.uk/StationMap.php?station=Enfield%20Lock","51.670846","-0.028377","6"
"Enfield Town","http://www.doogal.co.uk/StationMap.php?station=Enfield%20Town","51.65197","-0.079315","5"
"Epping","http://www.doogal.co.uk/StationMap.php?station=Epping","51.693686","0.11384","6"
"Epsom Downs","http://www.doogal.co.uk/StationMap.php?station=Epsom%20Downs","51.323659","-0.238956","6"
"Erith","http://www.doogal.co.uk/StationMap.php?station=Erith","51.481648","0.174276","6"
"Essex Road","http://www.doogal.co.uk/StationMap.php?station=Essex%20Road","51.540633","-0.096351","2"
"Euston","http://www.doogal.co.uk/StationMap.php?station=Euston","51.528664","-0.133282","1"
"Euston Square","http://www.doogal.co.uk/StationMap.php?station=Euston%20Square","51.528664","-0.133282","1"
"Ewell East","http://www.doogal.co.uk/StationMap.php?station=Ewell%20East","51.345244","-0.241489","6"
"Ewell West","http://www.doogal.co.uk/StationMap.php?station=Ewell%20West","51.349991","-0.257075","6"
"Fairlop","http://www.doogal.co.uk/StationMap.php?station=Fairlop","51.59611","0.090608","4"
"Falconwood","http://www.doogal.co.uk/StationMap.php?station=Falconwood","51.459086","0.078524","4"
"Farringdon","http://www.doogal.co.uk/StationMap.php?station=Farringdon","51.520196","-0.104829","1"
"Feltham","http://www.doogal.co.uk/StationMap.php?station=Feltham","51.447879","-0.40981","6"
"Fenchurch Street","http://www.doogal.co.uk/StationMap.php?station=Fenchurch%20Street","51.511567","-0.07854","1"
"Finchley Central","http://www.doogal.co.uk/StationMap.php?station=Finchley%20Central","51.600903","-0.193206","4"
"Finchley Road","http://www.doogal.co.uk/StationMap.php?station=Finchley%20Road","51.547096","-0.180036","2"
"Finchley Road and Frognal","http://www.doogal.co.uk/StationMap.php?station=Finchley%20Road%20and%20Frognal","51.55012","-0.183637","2"
"Finsbury Park","http://www.doogal.co.uk/StationMap.php?station=Finsbury%20Park","51.564635","-0.105867","2"
"Forest Gate","http://www.doogal.co.uk/StationMap.php?station=Forest%20Gate","51.549316","0.024204","3"
"Forest Hill","http://www.doogal.co.uk/StationMap.php?station=Forest%20Hill","51.439308","-0.053314","3"
"Fulham Broadway","http://www.doogal.co.uk/StationMap.php?station=Fulham%20Broadway","51.480261","-0.19553","2"
"Fulwell","http://www.doogal.co.uk/StationMap.php?station=Fulwell","51.433943","-0.349424","6"
"Gallions Reach","http://www.doogal.co.uk/StationMap.php?station=Gallions%20Reach","51.509034","0.07179","3"
"Gants Hill","http://www.doogal.co.uk/StationMap.php?station=Gants%20Hill","51.576553","0.066099","4"
"Gidea Park","http://www.doogal.co.uk/StationMap.php?station=Gidea%20Park","51.581866","0.205991","6"
"Gipsy Hill","http://www.doogal.co.uk/StationMap.php?station=Gipsy%20Hill","51.42447","-0.083821","3"
"Gloucester Road","http://www.doogal.co.uk/StationMap.php?station=Gloucester%20Road","51.4945","-0.183529","1"
"Golders Green","http://www.doogal.co.uk/StationMap.php?station=Golders%20Green","51.572216","-0.19482","3"
"Goldhawk Road","http://www.doogal.co.uk/StationMap.php?station=Goldhawk%20Road","51.502077","-0.22739","2"
"Goodge Street","http://www.doogal.co.uk/StationMap.php?station=Goodge%20Street","51.520613","-0.134793","1"
"Goodmayes","http://www.doogal.co.uk/StationMap.php?station=Goodmayes","51.566181","0.111744","4"
"Gordon Hill","http://www.doogal.co.uk/StationMap.php?station=Gordon%20Hill","51.663502","-0.094459","5"
"Gospel Oak","http://www.doogal.co.uk/StationMap.php?station=Gospel%20Oak","51.555405","-0.151287","2"
"Grange Hill","http://www.doogal.co.uk/StationMap.php?station=Grange%20Hill","51.61348","0.092287","4"
"Grange Park","http://www.doogal.co.uk/StationMap.php?station=Grange%20Park","51.642623","-0.0973","5"
"Great Portland Street","http://www.doogal.co.uk/StationMap.php?station=Great%20Portland%20Street","51.523789","-0.143947","1"
"Green Park","http://www.doogal.co.uk/StationMap.php?station=Green%20Park","51.506761","-0.142463","1"
"Greenford","http://www.doogal.co.uk/StationMap.php?station=Greenford","51.54198","-0.345864","4"
"Greenwich","http://www.doogal.co.uk/StationMap.php?station=Greenwich","51.477548","-0.014849","2,3"
"Grove Park","http://www.doogal.co.uk/StationMap.php?station=Grove%20Park","51.430433","0.022613","4"
"Gunnersbury","http://www.doogal.co.uk/StationMap.php?station=Gunnersbury","51.491863","-0.27515","3"
"Hackbridge","http://www.doogal.co.uk/StationMap.php?station=Hackbridge","51.377861","-0.153865","4"
"Hackney Central","http://www.doogal.co.uk/StationMap.php?station=Hackney%20Central","51.547257","-0.055575","2"
"Hackney Downs","http://www.doogal.co.uk/StationMap.php?station=Hackney%20Downs","51.549078","-0.060171","2"
"Hackney Wick","http://www.doogal.co.uk/StationMap.php?station=Hackney%20Wick","51.543558","-0.025245","2"
"Hadley Wood","http://www.doogal.co.uk/StationMap.php?station=Hadley%20Wood","51.668403","-0.176567","6"
"Haggerston","http://www.doogal.co.uk/StationMap.php?station=Haggerston","51.538685","-0.075581","2"
"Hainault","http://www.doogal.co.uk/StationMap.php?station=Hainault","51.602845","0.094123","4"
"Hammersmith (District)","http://www.doogal.co.uk/StationMap.php?station=Hammersmith%20%28District%29","51.49182","-0.222847","2"
"Hammersmith (Met.)","http://www.doogal.co.uk/StationMap.php?station=Hammersmith%20%28Met.%29","51.493483","-0.224626","2"
"Hampstead","http://www.doogal.co.uk/StationMap.php?station=Hampstead","51.556543","-0.178","2"
"Hampstead Heath","http://www.doogal.co.uk/StationMap.php?station=Hampstead%20Heath","51.5552","-0.164552","3"
"Hampton","http://www.doogal.co.uk/StationMap.php?station=Hampton","51.41588","-0.372121","6"
"Hampton Court","http://www.doogal.co.uk/StationMap.php?station=Hampton%20Court","51.402294","-0.342743","6"
"Hampton Wick","http://www.doogal.co.uk/StationMap.php?station=Hampton%20Wick","51.41464","-0.313089","6"
"Hanger Lane","http://www.doogal.co.uk/StationMap.php?station=Hanger%20Lane","51.530072","-0.292982","3"
"Hanwell","http://www.doogal.co.uk/StationMap.php?station=Hanwell","51.512186","-0.338037","4"
"Harlesden","http://www.doogal.co.uk/StationMap.php?station=Harlesden","51.536258","-0.257481","3"
"Harold Wood","http://www.doogal.co.uk/StationMap.php?station=Harold%20Wood","51.593202","0.234219","6"
"Harringay","http://www.doogal.co.uk/StationMap.php?station=Harringay","51.577358","-0.105194","3"
"Harringay Green Lanes","http://www.doogal.co.uk/StationMap.php?station=Harringay%20Green%20Lanes","51.577146","-0.098203","3"
"Harrow and Wealdstone","http://www.doogal.co.uk/StationMap.php?station=Harrow%20and%20Wealdstone","51.592595","-0.334238","5"
"Harrow-on-the-Hill","http://www.doogal.co.uk/StationMap.php?station=Harrow-on-the-Hill","51.579388","-0.336987","5"
"Hatch End","http://www.doogal.co.uk/StationMap.php?station=Hatch%20End","51.609829","-0.369164","6"
"Hatton Cross","http://www.doogal.co.uk/StationMap.php?station=Hatton%20Cross","51.466685","-0.423366","5,6"
"Haydons Road","http://www.doogal.co.uk/StationMap.php?station=Haydons%20Road","51.425457","-0.188915","3"
"Hayes","http://www.doogal.co.uk/StationMap.php?station=Hayes","51.375737","0.010157","5"
"Hayes and Harlington","http://www.doogal.co.uk/StationMap.php?station=Hayes%20and%20Harlington","51.503049","-0.420627","5"
"Headstone Lane","http://www.doogal.co.uk/StationMap.php?station=Headstone%20Lane","51.6025","-0.356893","5"
"Heathrow Terminal 4","http://www.doogal.co.uk/StationMap.php?station=Heathrow%20Terminal%204","51.45978","-0.447715","6"
"Heathrow Terminal 5","http://www.doogal.co.uk/StationMap.php?station=Heathrow%20Terminal%205","51.470025","-0.490633","6"
"Heathrow Terminals 1 2 3","http://www.doogal.co.uk/StationMap.php?station=Heathrow%20Terminals%201%202%203","51.471289","-0.452393","6"
"Hendon","http://www.doogal.co.uk/StationMap.php?station=Hendon","51.580075","-0.238616","3,4"
"Hendon Central","http://www.doogal.co.uk/StationMap.php?station=Hendon%20Central","51.583133","-0.22672","3,4"
"Herne Hill","http://www.doogal.co.uk/StationMap.php?station=Herne%20Hill","51.453991","-0.102549","2,3"
"Heron Quays","http://www.doogal.co.uk/StationMap.php?station=Heron%20Quays","51.503387","-0.021939","2"
"High Barnet","http://www.doogal.co.uk/StationMap.php?station=High%20Barnet","51.651688","-0.194151","5"
"High Street Kensington","http://www.doogal.co.uk/StationMap.php?station=High%20Street%20Kensington","51.500729","-0.191552","1"
"Highams Park","http://www.doogal.co.uk/StationMap.php?station=Highams%20Park","51.608356","-0.000121","4"
"Highbury and Islington","http://www.doogal.co.uk/StationMap.php?station=Highbury%20and%20Islington","51.546496","-0.104068","2"
"Highgate","http://www.doogal.co.uk/StationMap.php?station=Highgate","51.577647","-0.14692","3"
"Hillingdon","http://www.doogal.co.uk/StationMap.php?station=Hillingdon","51.553778","-0.449884","6"
"Hither Green","http://www.doogal.co.uk/StationMap.php?station=Hither%20Green","51.452402","-0.000957","3"
"Holborn","http://www.doogal.co.uk/StationMap.php?station=Holborn","51.517236","-0.119826","1"
"Holland Park","http://www.doogal.co.uk/StationMap.php?station=Holland%20Park","51.507147","-0.206543","2"
"Holloway Road","http://www.doogal.co.uk/StationMap.php?station=Holloway%20Road","51.552816","-0.112921","2"
"Homerton","http://www.doogal.co.uk/StationMap.php?station=Homerton","51.546595","-0.038498","2"
"Honor Oak Park","http://www.doogal.co.uk/StationMap.php?station=Honor%20Oak%20Park","51.450648","-0.044139","3"
"Hornchurch","http://www.doogal.co.uk/StationMap.php?station=Hornchurch","51.554355","0.218941","6"
"Hornsey","http://www.doogal.co.uk/StationMap.php?station=Hornsey","51.586475","-0.111801","3"
"Hounslow","http://www.doogal.co.uk/StationMap.php?station=Hounslow","51.462505","-0.361782","5"
"Hounslow Central","http://www.doogal.co.uk/StationMap.php?station=Hounslow%20Central","51.470926","-0.365944","4"
"Hounslow East","http://www.doogal.co.uk/StationMap.php?station=Hounslow%20East","51.473708","-0.355261","4"
"Hounslow West","http://www.doogal.co.uk/StationMap.php?station=Hounslow%20West","51.473106","-0.385693","5"
"Hoxton","http://www.doogal.co.uk/StationMap.php?station=Hoxton","51.531392","-0.075571","1,2"
"Hyde Park Corner","http://www.doogal.co.uk/StationMap.php?station=Hyde%20Park%20Corner","51.502584","-0.15246","1"
"Ickenham","http://www.doogal.co.uk/StationMap.php?station=Ickenham","51.560825","-0.441565","6"
"Ilford","http://www.doogal.co.uk/StationMap.php?station=Ilford","51.559142","0.0687","4"
"Imperial Wharf","http://www.doogal.co.uk/StationMap.php?station=Imperial%20Wharf","51.474939","-0.182823","2"
"Island Gardens","http://www.doogal.co.uk/StationMap.php?station=Island%20Gardens","51.48795","-0.010479","2"
"Isleworth","http://www.doogal.co.uk/StationMap.php?station=Isleworth","51.475037","-0.337314","4"
"Kenley","http://www.doogal.co.uk/StationMap.php?station=Kenley","51.3246","-0.101205","6"
"Kennington","http://www.doogal.co.uk/StationMap.php?station=Kennington","51.488662","-0.105056","2"
"Kensal Green","http://www.doogal.co.uk/StationMap.php?station=Kensal%20Green","51.530524","-0.224699","2"
"Kensal Rise","http://www.doogal.co.uk/StationMap.php?station=Kensal%20Rise","51.534215","-0.220807","2"
"Kensington (Olympia)","http://www.doogal.co.uk/StationMap.php?station=Kensington%20%28Olympia%29","51.49788","-0.210365","2"
"Kent House","http://www.doogal.co.uk/StationMap.php?station=Kent%20House","51.412718","-0.045801","4"
"Kentish Town","http://www.doogal.co.uk/StationMap.php?station=Kentish%20Town","51.55001","-0.140457","2"
"Kentish Town West","http://www.doogal.co.uk/StationMap.php?station=Kentish%20Town%20West","51.546548","-0.146742","2"
"Kenton","http://www.doogal.co.uk/StationMap.php?station=Kenton","51.581496","-0.315202","4"
"Kew Bridge","http://www.doogal.co.uk/StationMap.php?station=Kew%20Bridge","51.490005","-0.288832","3"
"Kew Gardens","http://www.doogal.co.uk/StationMap.php?station=Kew%20Gardens","51.476789","-0.285367","3,4"
"Kidbrooke","http://www.doogal.co.uk/StationMap.php?station=Kidbrooke","51.46269","0.028315","3"
"Kilburn","http://www.doogal.co.uk/StationMap.php?station=Kilburn","51.546944","-0.204618","2"
"Kilburn High Road","http://www.doogal.co.uk/StationMap.php?station=Kilburn%20High%20Road","51.537268","-0.191099","2"
"Kilburn Park","http://www.doogal.co.uk/StationMap.php?station=Kilburn%20Park","51.535136","-0.193952","2"
"King George V","http://www.doogal.co.uk/StationMap.php?station=King%20George%20V","51.502009","0.062221","3"
"King's Cross","http://www.doogal.co.uk/StationMap.php?station=King%27s%20Cross","51.530798","-0.122742","1"
"Kings Cross St. Pancras","http://www.doogal.co.uk/StationMap.php?station=Kings%20Cross%20St.%20Pancras","51.530312","-0.123858","1"
"Kingsbury","http://www.doogal.co.uk/StationMap.php?station=Kingsbury","51.584877","-0.278587","4"
"Kingston","http://www.doogal.co.uk/StationMap.php?station=Kingston","51.412642","-0.301127","6"
"Kingswood","http://www.doogal.co.uk/StationMap.php?station=Kingswood","51.294723","-0.211219","6"
"Knightsbridge","http://www.doogal.co.uk/StationMap.php?station=Knightsbridge","51.501355","-0.16065","1"
"Knockholt","http://www.doogal.co.uk/StationMap.php?station=Knockholt","51.345752","0.130845","6"
"Ladbroke Grove","http://www.doogal.co.uk/StationMap.php?station=Ladbroke%20Grove","51.517211","-0.210184","2"
"Ladywell","http://www.doogal.co.uk/StationMap.php?station=Ladywell","51.456192","-0.01923","3"
"Lambeth North","http://www.doogal.co.uk/StationMap.php?station=Lambeth%20North","51.49913","-0.111754","1"
"Lancaster Gate","http://www.doogal.co.uk/StationMap.php?station=Lancaster%20Gate","51.511891","-0.175416","1"
"Langdon Park","http://www.doogal.co.uk/StationMap.php?station=Langdon%20Park","51.518884","-0.015199","2"
"Latimer Road","http://www.doogal.co.uk/StationMap.php?station=Latimer%20Road","51.513958","-0.217445","2"
"Lee","http://www.doogal.co.uk/StationMap.php?station=Lee","51.449459","0.013379","3"
"Radlett","http://www.doogal.co.uk/StationMap.php?station=Radlett","51.685413","-0.317973",""
"Leicester Square","http://www.doogal.co.uk/StationMap.php?station=Leicester%20Square","51.511291","-0.128228","1"
"Lewisham","http://www.doogal.co.uk/StationMap.php?station=Lewisham","51.464881","-0.012418","2,3"
"Leyton","http://www.doogal.co.uk/StationMap.php?station=Leyton","51.558132","-0.006451","3"
"Leyton Midland Road","http://www.doogal.co.uk/StationMap.php?station=Leyton%20Midland%20Road","51.569364","-0.008052","3"
"Leytonstone","http://www.doogal.co.uk/StationMap.php?station=Leytonstone","51.568522","0.009155","3,4"
"Leytonstone High Road","http://www.doogal.co.uk/StationMap.php?station=Leytonstone%20High%20Road","51.563807","0.008269","3"
"Limehouse","http://www.doogal.co.uk/StationMap.php?station=Limehouse","51.512312","-0.039366","2"
"Liverpool Street","http://www.doogal.co.uk/StationMap.php?station=Liverpool%20Street","51.517598","-0.082235","1"
"London Bridge","http://www.doogal.co.uk/StationMap.php?station=London%20Bridge","51.504674","-0.085991","1"
"London City Airport","http://www.doogal.co.uk/StationMap.php?station=London%20City%20Airport","51.50369","0.047887","3"
"London Fields","http://www.doogal.co.uk/StationMap.php?station=London%20Fields","51.540719","-0.057685","2"
"Loughborough Junction","http://www.doogal.co.uk/StationMap.php?station=Loughborough%20Junction","51.466679","-0.102483","2"
"Loughton","http://www.doogal.co.uk/StationMap.php?station=Loughton","51.64157","0.055294","6"
"Lower Sydenham","http://www.doogal.co.uk/StationMap.php?station=Lower%20Sydenham","51.424847","-0.033316","4"
"Maida Vale","http://www.doogal.co.uk/StationMap.php?station=Maida%20Vale","51.529995","-0.185418","2"
"Malden Manor","http://www.doogal.co.uk/StationMap.php?station=Malden%20Manor","51.38461","-0.261106","4"
"Manor House","http://www.doogal.co.uk/StationMap.php?station=Manor%20House","51.570747","-0.095671","2,3"
"Manor Park","http://www.doogal.co.uk/StationMap.php?station=Manor%20Park","51.552854","0.045738","3,4"
"Mansion House","http://www.doogal.co.uk/StationMap.php?station=Mansion%20House","51.512092","-0.094183","1"
"Marble Arch","http://www.doogal.co.uk/StationMap.php?station=Marble%20Arch","51.513966","-0.158557","1"
"Maryland","http://www.doogal.co.uk/StationMap.php?station=Maryland","51.545668","0.005696","3"
"Marylebone","http://www.doogal.co.uk/StationMap.php?station=Marylebone","51.522397","-0.163478","1"
"Maze Hill","http://www.doogal.co.uk/StationMap.php?station=Maze%20Hill","51.483014","0.003219","3"
"Mile End","http://www.doogal.co.uk/StationMap.php?station=Mile%20End","51.525311","-0.032652","2"
"Mill Hill Broadway","http://www.doogal.co.uk/StationMap.php?station=Mill%20Hill%20Broadway","51.612871","-0.249523","4"
"Mill Hill East","http://www.doogal.co.uk/StationMap.php?station=Mill%20Hill%20East","51.608317","-0.209881","4"
"Mitcham Eastfields","http://www.doogal.co.uk/StationMap.php?station=Mitcham%20Eastfields","51.408384","-0.153987","3"
"Mitcham Junction","http://www.doogal.co.uk/StationMap.php?station=Mitcham%20Junction","51.393043","-0.157422","4"
"Monument","http://www.doogal.co.uk/StationMap.php?station=Monument","51.51063","-0.086174","1"
"Moor Park","http://www.doogal.co.uk/StationMap.php?station=Moor%20Park","51.629931","-0.432899","6,7"
"Moorgate","http://www.doogal.co.uk/StationMap.php?station=Moorgate","51.518437","-0.089003","1"
"Morden","http://www.doogal.co.uk/StationMap.php?station=Morden","51.402186","-0.194838","4"
"Morden South","http://www.doogal.co.uk/StationMap.php?station=Morden%20South","51.396308","-0.200287","4"
"Mornington Crescent","http://www.doogal.co.uk/StationMap.php?station=Mornington%20Crescent","51.534362","-0.13873","2"
"Mortlake","http://www.doogal.co.uk/StationMap.php?station=Mortlake","51.468168","-0.267189","3"
"Motspur Park","http://www.doogal.co.uk/StationMap.php?station=Motspur%20Park","51.39532","-0.239425","4"
"Mottingham","http://www.doogal.co.uk/StationMap.php?station=Mottingham","51.439825","0.050339","4"
"Mudchute","http://www.doogal.co.uk/StationMap.php?station=Mudchute","51.491236","-0.014946","2"
"Neasden","http://www.doogal.co.uk/StationMap.php?station=Neasden","51.554628","-0.250101","3"
"New Barnet","http://www.doogal.co.uk/StationMap.php?station=New%20Barnet","51.648537","-0.172955","5"
"New Beckenham","http://www.doogal.co.uk/StationMap.php?station=New%20Beckenham","51.416706","-0.035291","4"
"New Cross","http://www.doogal.co.uk/StationMap.php?station=New%20Cross","51.476429","-0.032264","2"
"New Cross Gate","http://www.doogal.co.uk/StationMap.php?station=New%20Cross%20Gate","51.475265","-0.039515","2"
"New Eltham","http://www.doogal.co.uk/StationMap.php?station=New%20Eltham","51.437691","0.070459","4"
"New Malden","http://www.doogal.co.uk/StationMap.php?station=New%20Malden","51.403556","-0.256204","4"
"New Southgate","http://www.doogal.co.uk/StationMap.php?station=New%20Southgate","51.614094","-0.142995","4"
"Newbury Park","http://www.doogal.co.uk/StationMap.php?station=Newbury%20Park","51.575638","0.090318","4"
"Norbiton","http://www.doogal.co.uk/StationMap.php?station=Norbiton","51.411909","-0.284186","5"
"Norbury","http://www.doogal.co.uk/StationMap.php?station=Norbury","51.411189","-0.122785","3"
"North Acton","http://www.doogal.co.uk/StationMap.php?station=North%20Acton","51.523432","-0.259715","2,3"
"North Dulwich","http://www.doogal.co.uk/StationMap.php?station=North%20Dulwich","51.454482","-0.087904","2,3"
"North Ealing","http://www.doogal.co.uk/StationMap.php?station=North%20Ealing","51.517622","-0.288979","3"
"North Greenwich","http://www.doogal.co.uk/StationMap.php?station=North%20Greenwich","51.500255","0.003601","2,3"
"North Harrow","http://www.doogal.co.uk/StationMap.php?station=North%20Harrow","51.584631","-0.362619","5"
"North Sheen","http://www.doogal.co.uk/StationMap.php?station=North%20Sheen","51.46542","-0.286383","3"
"North Wembley","http://www.doogal.co.uk/StationMap.php?station=North%20Wembley","51.562396","-0.303934","4"
"Northfields","http://www.doogal.co.uk/StationMap.php?station=Northfields","51.500492","-0.31505","3"
"Northolt","http://www.doogal.co.uk/StationMap.php?station=Northolt","51.548213","-0.368426","5"
"Northolt Park","http://www.doogal.co.uk/StationMap.php?station=Northolt%20Park","51.557619","-0.35942","5"
"Northwick Park","http://www.doogal.co.uk/StationMap.php?station=Northwick%20Park","51.578509","-0.318185","4"
"Northwood","http://www.doogal.co.uk/StationMap.php?station=Northwood","51.611214","-0.423823","6"
"Northwood Hills","http://www.doogal.co.uk/StationMap.php?station=Northwood%20Hills","51.600803","-0.409297","6"
"Norwood Junction","http://www.doogal.co.uk/StationMap.php?station=Norwood%20Junction","51.396954","-0.075195","4"
"Notting Hill Gate","http://www.doogal.co.uk/StationMap.php?station=Notting%20Hill%20Gate","51.509375","-0.195907","1,2"
"Nunhead","http://www.doogal.co.uk/StationMap.php?station=Nunhead","51.46658","-0.053665","2"
"Oakleigh Park","http://www.doogal.co.uk/StationMap.php?station=Oakleigh%20Park","51.637676","-0.166181","4"
"Oakwood","http://www.doogal.co.uk/StationMap.php?station=Oakwood","51.647638","-0.131839","5"
"Ockendon","http://www.doogal.co.uk/StationMap.php?station=Ockendon","51.52199","0.290498","7"
"Old Street","http://www.doogal.co.uk/StationMap.php?station=Old%20Street","51.525581","-0.087609","1"
"Orpington","http://www.doogal.co.uk/StationMap.php?station=Orpington","51.37352","0.089043","6"
"Osterley","http://www.doogal.co.uk/StationMap.php?station=Osterley","51.481217","-0.352082","4"
"Oval","http://www.doogal.co.uk/StationMap.php?station=Oval","51.481413","-0.113307","2"
"Oxford Circus","http://www.doogal.co.uk/StationMap.php?station=Oxford%20Circus","51.515223","-0.140822","1"
"Paddington","http://www.doogal.co.uk/StationMap.php?station=Paddington","51.515394","-0.175722","1"
"Palmers Green","http://www.doogal.co.uk/StationMap.php?station=Palmers%20Green","51.618787","-0.110258","4"
"Park Royal","http://www.doogal.co.uk/StationMap.php?station=Park%20Royal","51.526834","-0.284915","3"
"Parsons Green","http://www.doogal.co.uk/StationMap.php?station=Parsons%20Green","51.47496","-0.20111","2"
"Peckham Rye","http://www.doogal.co.uk/StationMap.php?station=Peckham%20Rye","51.469511","-0.069969","2"
"Penge East","http://www.doogal.co.uk/StationMap.php?station=Penge%20East","51.419975","-0.054481","4"
"Penge West","http://www.doogal.co.uk/StationMap.php?station=Penge%20West","51.418063","-0.060631","4"
"Perivale","http://www.doogal.co.uk/StationMap.php?station=Perivale","51.536342","-0.323056","4"
"Petts Wood","http://www.doogal.co.uk/StationMap.php?station=Petts%20Wood","51.388599","0.074494","5"
"Piccadilly Circus","http://www.doogal.co.uk/StationMap.php?station=Piccadilly%20Circus","51.509697","-0.133697","1"
"Pimlico","http://www.doogal.co.uk/StationMap.php?station=Pimlico","51.489553","-0.133094","1"
"Pinner","http://www.doogal.co.uk/StationMap.php?station=Pinner","51.592362","-0.381209","5"
"Plaistow","http://www.doogal.co.uk/StationMap.php?station=Plaistow","51.531288","0.017795","3"
"Plumstead","http://www.doogal.co.uk/StationMap.php?station=Plumstead","51.489792","0.084314","4"
"Ponders End","http://www.doogal.co.uk/StationMap.php?station=Ponders%20End","51.642731","-0.034511","5"
"Pontoon Dock","http://www.doogal.co.uk/StationMap.php?station=Pontoon%20Dock","51.502216","0.03334","3"
"Poplar","http://www.doogal.co.uk/StationMap.php?station=Poplar","51.507588","-0.017261","2"
"Preston Road","http://www.doogal.co.uk/StationMap.php?station=Preston%20Road","51.572104","-0.294958","4"
"Prince Regent","http://www.doogal.co.uk/StationMap.php?station=Prince%20Regent","51.509435","0.033503","3"
"Pudding Mill Lane","http://www.doogal.co.uk/StationMap.php?station=Pudding%20Mill%20Lane","51.534328","-0.012754","2,3"
"Purfleet","http://www.doogal.co.uk/StationMap.php?station=Purfleet","51.481173","0.236789","7"
"Purley","http://www.doogal.co.uk/StationMap.php?station=Purley","51.337364","-0.113599","6"
"Purley Oaks","http://www.doogal.co.uk/StationMap.php?station=Purley%20Oaks","51.346989","-0.098801","6"
"Putney","http://www.doogal.co.uk/StationMap.php?station=Putney","51.460953","-0.216589","2,3"
"Putney Bridge","http://www.doogal.co.uk/StationMap.php?station=Putney%20Bridge","51.467865","-0.209351","2"
"Queens Park","http://www.doogal.co.uk/StationMap.php?station=Queens%20Park","51.534313","-0.204784","2"
"Queens Road Peckham","http://www.doogal.co.uk/StationMap.php?station=Queens%20Road%20Peckham","51.474285","-0.057341","2"
"Queensbury","http://www.doogal.co.uk/StationMap.php?station=Queensbury","51.593883","-0.286317","4"
"Queenstown Road","http://www.doogal.co.uk/StationMap.php?station=Queenstown%20Road","51.474959","-0.147341","2"
"Queensway","http://www.doogal.co.uk/StationMap.php?station=Queensway","51.510449","-0.187405","1"
"Rainham","http://www.doogal.co.uk/StationMap.php?station=Rainham","51.51734","0.190706","6"
"Ravensbourne","http://www.doogal.co.uk/StationMap.php?station=Ravensbourne","51.41387","-0.006923","4"
"Ravenscourt Park","http://www.doogal.co.uk/StationMap.php?station=Ravenscourt%20Park","51.494068","-0.235955","2"
"Rayners Lane","http://www.doogal.co.uk/StationMap.php?station=Rayners%20Lane","51.575397","-0.371046","5"
"Watford Junction","http://www.doogal.co.uk/StationMap.php?station=Watford%20Junction","51.663883","-0.396158",""
"Raynes Park","http://www.doogal.co.uk/StationMap.php?station=Raynes%20Park","51.409375","-0.229899","4"
"Rectory Road","http://www.doogal.co.uk/StationMap.php?station=Rectory%20Road","51.558763","-0.068371","2"
"Redbridge","http://www.doogal.co.uk/StationMap.php?station=Redbridge","51.576367","0.045408","4"
"Reedham","http://www.doogal.co.uk/StationMap.php?station=Reedham","51.331442","-0.123388","6"
"Regents Park","http://www.doogal.co.uk/StationMap.php?station=Regents%20Park","51.523811","-0.14533","1"
"Richmond","http://www.doogal.co.uk/StationMap.php?station=Richmond","51.463233","-0.301725","4"
"Rickmansworth","http://www.doogal.co.uk/StationMap.php?station=Rickmansworth","51.640323","-0.47367","7"
"Riddlesdown","http://www.doogal.co.uk/StationMap.php?station=Riddlesdown","51.332675","-0.099479","6"
"Roding Valley","http://www.doogal.co.uk/StationMap.php?station=Roding%20Valley","51.616956","0.044041","4"
"Romford","http://www.doogal.co.uk/StationMap.php?station=Romford","51.574642","0.18307","6"
"Rotherhithe","http://www.doogal.co.uk/StationMap.php?station=Rotherhithe","51.501595","-0.052952","2"
"Royal Albert","http://www.doogal.co.uk/StationMap.php?station=Royal%20Albert","51.508494","0.045192","3"
"Royal Oak","http://www.doogal.co.uk/StationMap.php?station=Royal%20Oak","51.518294","-0.188809","2"
"Royal Victoria","http://www.doogal.co.uk/StationMap.php?station=Royal%20Victoria","51.509055","0.01798","3"
"Ruislip","http://www.doogal.co.uk/StationMap.php?station=Ruislip","51.572162","-0.42122","6"
"Ruislip Gardens","http://www.doogal.co.uk/StationMap.php?station=Ruislip%20Gardens","51.55996","-0.40928","5"
"Ruislip Manor","http://www.doogal.co.uk/StationMap.php?station=Ruislip%20Manor","51.573452","-0.412835","6"
"Russell Square","http://www.doogal.co.uk/StationMap.php?station=Russell%20Square","51.523013","-0.124576","1"
"Sanderstead","http://www.doogal.co.uk/StationMap.php?station=Sanderstead","51.348246","-0.093694","6"
"Selhurst","http://www.doogal.co.uk/StationMap.php?station=Selhurst","51.392186","-0.089885","4"
"Seven Kings","http://www.doogal.co.uk/StationMap.php?station=Seven%20Kings","51.563993","0.096334","4"
"Seven Sisters","http://www.doogal.co.uk/StationMap.php?station=Seven%20Sisters","51.583362","-0.072452","3"
"Shadwell","http://www.doogal.co.uk/StationMap.php?station=Shadwell","51.5113","-0.056905","2"
"Shenfield","http://www.doogal.co.uk/StationMap.php?station=Shenfield","51.630873","0.329967","7"
"Shepherds Bush","http://www.doogal.co.uk/StationMap.php?station=Shepherds%20Bush","51.504532","-0.218505","2"
"Shepherds Bush Market","http://www.doogal.co.uk/StationMap.php?station=Shepherds%20Bush%20Market","51.505881","-0.227386","2"
"Shoreditch High Street","http://www.doogal.co.uk/StationMap.php?station=Shoreditch%20High%20Street","51.523467","-0.077073","1"
"Shortlands","http://www.doogal.co.uk/StationMap.php?station=Shortlands","51.405602","0.002782","4"
"Sidcup","http://www.doogal.co.uk/StationMap.php?station=Sidcup","51.434398","0.10333","5"
"Silver Street","http://www.doogal.co.uk/StationMap.php?station=Silver%20Street","51.615242","-0.072575","4"
"Slade Green","http://www.doogal.co.uk/StationMap.php?station=Slade%20Green","51.467748","0.190533","6"
"Sloane Square","http://www.doogal.co.uk/StationMap.php?station=Sloane%20Square","51.49236","-0.156474","1"
"Smitham","http://www.doogal.co.uk/StationMap.php?station=Smitham","51.322453","-0.134333","6"
"Snaresbrook","http://www.doogal.co.uk/StationMap.php?station=Snaresbrook","51.580891","0.021478","4"
"South Acton","http://www.doogal.co.uk/StationMap.php?station=South%20Acton","51.499686","-0.270201","3"
"South Bermondsey","http://www.doogal.co.uk/StationMap.php?station=South%20Bermondsey","51.487677","-0.05474","2"
"South Croydon","http://www.doogal.co.uk/StationMap.php?station=South%20Croydon","51.36275","-0.092503","5"
"South Ealing","http://www.doogal.co.uk/StationMap.php?station=South%20Ealing","51.501644","-0.307026","3"
"South Hampstead","http://www.doogal.co.uk/StationMap.php?station=South%20Hampstead","51.541477","-0.178357","2"
"South Harrow","http://www.doogal.co.uk/StationMap.php?station=South%20Harrow","51.56468","-0.35188","5"
"South Kensington","http://www.doogal.co.uk/StationMap.php?station=South%20Kensington","51.494071","-0.173909","1"
"South Kenton","http://www.doogal.co.uk/StationMap.php?station=South%20Kenton","51.571044","-0.308129","4"
"South Merton","http://www.doogal.co.uk/StationMap.php?station=South%20Merton","51.403241","-0.205536","4"
"South Quay","http://www.doogal.co.uk/StationMap.php?station=South%20Quay","51.500864","-0.018446","2"
"South Ruislip","http://www.doogal.co.uk/StationMap.php?station=South%20Ruislip","51.55689","-0.399101","5"
"South Tottenham","http://www.doogal.co.uk/StationMap.php?station=South%20Tottenham","51.580403","-0.071842","3"
"South Wimbledon","http://www.doogal.co.uk/StationMap.php?station=South%20Wimbledon","51.415361","-0.19196","3,4"
"South Woodford","http://www.doogal.co.uk/StationMap.php?station=South%20Woodford","51.591553","0.027958","4"
"Southall","http://www.doogal.co.uk/StationMap.php?station=Southall","51.505957","-0.378697","4"
"Southbury","http://www.doogal.co.uk/StationMap.php?station=Southbury","51.648434","-0.052969","5"
"Southfields","http://www.doogal.co.uk/StationMap.php?station=Southfields","51.444883","-0.206595","3"
"Southgate","http://www.doogal.co.uk/StationMap.php?station=Southgate","51.632376","-0.127756","4"
"Southwark","http://www.doogal.co.uk/StationMap.php?station=Southwark","51.503854","-0.105781","1"
"St Helier","http://www.doogal.co.uk/StationMap.php?station=St%20Helier","51.389912","-0.199","4"
"St James Street","http://www.doogal.co.uk/StationMap.php?station=St%20James%20Street","51.580609","-0.03279","3"
"St Johns","http://www.doogal.co.uk/StationMap.php?station=St%20Johns","51.468975","-0.023226","2"
"St Margarets","http://www.doogal.co.uk/StationMap.php?station=St%20Margarets","51.455206","-0.32131","4"
"St Mary Cray","http://www.doogal.co.uk/StationMap.php?station=St%20Mary%20Cray","51.394759","0.107232","6"
"St Pancras","http://www.doogal.co.uk/StationMap.php?station=St%20Pancras","51.530554","-0.125491","1"
"St. James's Park","http://www.doogal.co.uk/StationMap.php?station=St.%20James%27s%20Park","51.49961","-0.133864","1"
"St. Johns Wood","http://www.doogal.co.uk/StationMap.php?station=St.%20Johns%20Wood","51.534854","-0.17405","2"
"St. Pauls","http://www.doogal.co.uk/StationMap.php?station=St.%20Pauls","51.514835","-0.097557","1"
"Stamford Brook","http://www.doogal.co.uk/StationMap.php?station=Stamford%20Brook","51.49445","-0.245232","2"
"Stamford Hill","http://www.doogal.co.uk/StationMap.php?station=Stamford%20Hill","51.574448","-0.076654","3"
"Stanmore","http://www.doogal.co.uk/StationMap.php?station=Stanmore","51.619673","-0.303085","5"
"Star Lane","http://www.doogal.co.uk/StationMap.php?station=Star%20Lane","51.520604","0.004205","3"
"Stepney Green","http://www.doogal.co.uk/StationMap.php?station=Stepney%20Green","51.521996","-0.047368","2"
"Stockwell","http://www.doogal.co.uk/StationMap.php?station=Stockwell","51.472159","-0.122832","2"
"Stoke Newington","http://www.doogal.co.uk/StationMap.php?station=Stoke%20Newington","51.564638","-0.072321","2"
"Stonebridge Park","http://www.doogal.co.uk/StationMap.php?station=Stonebridge%20Park","51.543987","-0.275386","3"
"Stoneleigh","http://www.doogal.co.uk/StationMap.php?station=Stoneleigh","51.363364","-0.248695","5"
"Stratford","http://www.doogal.co.uk/StationMap.php?station=Stratford","51.541693","-0.003737","3"
"Stratford High Street","http://www.doogal.co.uk/StationMap.php?station=Stratford%20High%20Street","51.538149","-0.001066","3"
"Stratford International","http://www.doogal.co.uk/StationMap.php?station=Stratford%20International","51.544809","-0.008764","3"
"Strawberry Hill","http://www.doogal.co.uk/StationMap.php?station=Strawberry%20Hill","51.439748","-0.339603","5"
"Streatham","http://www.doogal.co.uk/StationMap.php?station=Streatham","51.425846","-0.132311","3"
"Streatham Common","http://www.doogal.co.uk/StationMap.php?station=Streatham%20Common","51.418985","-0.135712","3"
"Streatham Hill","http://www.doogal.co.uk/StationMap.php?station=Streatham%20Hill","51.43846","-0.127667","3"
"Sudbury and Harrow Road","http://www.doogal.co.uk/StationMap.php?station=Sudbury%20and%20Harrow%20Road","51.554494","-0.315912","4"
"Sudbury Hill","http://www.doogal.co.uk/StationMap.php?station=Sudbury%20Hill","51.55734","-0.336378","4"
"Sudbury Hill Harrow","http://www.doogal.co.uk/StationMap.php?station=Sudbury%20Hill%20Harrow","51.558342","-0.335432","4"
"Sudbury Town","http://www.doogal.co.uk/StationMap.php?station=Sudbury%20Town","51.551397","-0.316329","4"
"Sundridge Park","http://www.doogal.co.uk/StationMap.php?station=Sundridge%20Park","51.413394","0.020379","4"
"Surbiton","http://www.doogal.co.uk/StationMap.php?station=Surbiton","51.3926","-0.30437","6"
"Surrey Quays","http://www.doogal.co.uk/StationMap.php?station=Surrey%20Quays","51.493267","-0.047516","2"
"Sutton","http://www.doogal.co.uk/StationMap.php?station=Sutton","51.359506","-0.191288","5"
"Sutton Common","http://www.doogal.co.uk/StationMap.php?station=Sutton%20Common","51.375555","-0.196906","4"
"Swiss Cottage","http://www.doogal.co.uk/StationMap.php?station=Swiss%20Cottage","51.543035","-0.175612","2"
"Sydenham","http://www.doogal.co.uk/StationMap.php?station=Sydenham","51.427341","-0.055074","3"
"Sydenham Hill","http://www.doogal.co.uk/StationMap.php?station=Sydenham%20Hill","51.432576","-0.080216","3"
"Syon Lane","http://www.doogal.co.uk/StationMap.php?station=Syon%20Lane","51.481475","-0.326481","4"
"Tadworth","http://www.doogal.co.uk/StationMap.php?station=Tadworth","51.291628","-0.235994","6"
"Tattenham Corner","http://www.doogal.co.uk/StationMap.php?station=Tattenham%20Corner","51.309181","-0.242552","6"
"Teddington","http://www.doogal.co.uk/StationMap.php?station=Teddington","51.424498","-0.332691","6"
"Temple","http://www.doogal.co.uk/StationMap.php?station=Temple","51.511041","-0.113711","1"
"Thames Ditton","http://www.doogal.co.uk/StationMap.php?station=Thames%20Ditton","51.388616","-0.338278","6"
"Theobalds Grove","http://www.doogal.co.uk/StationMap.php?station=Theobalds%20Grove","51.692373","-0.034734","7"
"Theydon Bois","http://www.doogal.co.uk/StationMap.php?station=Theydon%20Bois","51.672552","0.102905","6"
"Thornton Heath","http://www.doogal.co.uk/StationMap.php?station=Thornton%20Heath","51.398481","-0.100419","4"
"Tolworth","http://www.doogal.co.uk/StationMap.php?station=Tolworth","51.376843","-0.279606","5"
"Tooting","http://www.doogal.co.uk/StationMap.php?station=Tooting","51.419897","-0.160988","3"
"Tooting Bec","http://www.doogal.co.uk/StationMap.php?station=Tooting%20Bec","51.435838","-0.159686","3"
"Tooting Broadway","http://www.doogal.co.uk/StationMap.php?station=Tooting%20Broadway","51.427049","-0.16867","3"
"Tottenham Court Road","http://www.doogal.co.uk/StationMap.php?station=Tottenham%20Court%20Road","51.516211","-0.131096","1"
"Tottenham Hale","http://www.doogal.co.uk/StationMap.php?station=Tottenham%20Hale","51.587998","-0.060173","3"
"Totteridge and Whetstone","http://www.doogal.co.uk/StationMap.php?station=Totteridge%20and%20Whetstone","51.630247","-0.17934","4"
"Tower Gateway","http://www.doogal.co.uk/StationMap.php?station=Tower%20Gateway","51.510393","-0.074395","1"
"Tower Hill","http://www.doogal.co.uk/StationMap.php?station=Tower%20Hill","51.510394","-0.076687","1"
"Tufnell Park","http://www.doogal.co.uk/StationMap.php?station=Tufnell%20Park","51.556441","-0.137728","2"
"Tulse Hill","http://www.doogal.co.uk/StationMap.php?station=Tulse%20Hill","51.439797","-0.105108","3"
"Turkey Street","http://www.doogal.co.uk/StationMap.php?station=Turkey%20Street","51.672654","-0.047215","6"
"Turnham Green","http://www.doogal.co.uk/StationMap.php?station=Turnham%20Green","51.495182","-0.25451","2"
"Turnpike Lane","http://www.doogal.co.uk/StationMap.php?station=Turnpike%20Lane","51.590358","-0.102791","3"
"Twickenham","http://www.doogal.co.uk/StationMap.php?station=Twickenham","51.450251","-0.328846","5"
"Upminster","http://www.doogal.co.uk/StationMap.php?station=Upminster","51.558763","0.251415","6"
"Upminster Bridge","http://www.doogal.co.uk/StationMap.php?station=Upminster%20Bridge","51.557719","0.234556","6"
"Upney","http://www.doogal.co.uk/StationMap.php?station=Upney","51.538406","0.101546","4"
"Upper Holloway","http://www.doogal.co.uk/StationMap.php?station=Upper%20Holloway","51.563623","-0.129095","2"
"Upper Warlingham","http://www.doogal.co.uk/StationMap.php?station=Upper%20Warlingham","51.308772","-0.077467","6"
"Upton Park","http://www.doogal.co.uk/StationMap.php?station=Upton%20Park","51.536628","0.034556","3"
"Uxbridge","http://www.doogal.co.uk/StationMap.php?station=Uxbridge","51.546455","-0.477087","6"
"Vauxhall","http://www.doogal.co.uk/StationMap.php?station=Vauxhall","51.485736","-0.123816","1,2"
"Victoria","http://www.doogal.co.uk/StationMap.php?station=Victoria","51.496424","-0.143906","1"
"Waddon","http://www.doogal.co.uk/StationMap.php?station=Waddon","51.367379","-0.11738","5"
"Wallington","http://www.doogal.co.uk/StationMap.php?station=Wallington","51.360332","-0.150849","5"
"Waltham Cross","http://www.doogal.co.uk/StationMap.php?station=Waltham%20Cross","51.685257","-0.02655","7"
"Walthamstow Central","http://www.doogal.co.uk/StationMap.php?station=Walthamstow%20Central","51.583018","-0.019926","3"
"Walthamstow Queens Road","http://www.doogal.co.uk/StationMap.php?station=Walthamstow%20Queens%20Road","51.581546","-0.02383","3"
"Wandsworth Common","http://www.doogal.co.uk/StationMap.php?station=Wandsworth%20Common","51.446366","-0.163523","3"
"Wandsworth Road","http://www.doogal.co.uk/StationMap.php?station=Wandsworth%20Road","51.470223","-0.139023","2"
"Wandsworth Town","http://www.doogal.co.uk/StationMap.php?station=Wandsworth%20Town","51.461034","-0.187896","2"
"Wanstead","http://www.doogal.co.uk/StationMap.php?station=Wanstead","51.574902","0.028775","4"
"Wanstead Park","http://www.doogal.co.uk/StationMap.php?station=Wanstead%20Park","51.551778","0.026404","3"
"Wapping","http://www.doogal.co.uk/StationMap.php?station=Wapping","51.50434","-0.055846","2"
"Warren Street","http://www.doogal.co.uk/StationMap.php?station=Warren%20Street","51.52458","-0.138264","1"
"Warwick Avenue","http://www.doogal.co.uk/StationMap.php?station=Warwick%20Avenue","51.523104","-0.182939","2"
"Waterloo","http://www.doogal.co.uk/StationMap.php?station=Waterloo","51.503147","-0.113245","1"
"Watford","http://www.doogal.co.uk/StationMap.php?station=Watford","51.657605","-0.417256","7"
"Watford High Street","http://www.doogal.co.uk/StationMap.php?station=Watford%20High%20Street","51.652654","-0.391682","8"
"Welling","http://www.doogal.co.uk/StationMap.php?station=Welling","51.464777","0.101789","4"
"Wembley Central","http://www.doogal.co.uk/StationMap.php?station=Wembley%20Central","51.551865","-0.296378","4"
"Wembley Park","http://www.doogal.co.uk/StationMap.php?station=Wembley%20Park","51.563322","-0.279228","4"
"Wembley Stadium","http://www.doogal.co.uk/StationMap.php?station=Wembley%20Stadium","51.554655","-0.286032","4"
"West Acton","http://www.doogal.co.uk/StationMap.php?station=West%20Acton","51.51777","-0.280643","3"
"West Brompton","http://www.doogal.co.uk/StationMap.php?station=West%20Brompton","51.487329","-0.195524","2"
"West Croydon","http://www.doogal.co.uk/StationMap.php?station=West%20Croydon","51.378552","-0.10202","5"
"West Drayton","http://www.doogal.co.uk/StationMap.php?station=West%20Drayton","51.510071","-0.472162","6"
"West Dulwich","http://www.doogal.co.uk/StationMap.php?station=West%20Dulwich","51.440912","-0.090658","3"
"West Ealing","http://www.doogal.co.uk/StationMap.php?station=West%20Ealing","51.513625","-0.319769","3"
"West Finchley","http://www.doogal.co.uk/StationMap.php?station=West%20Finchley","51.609263","-0.188903","4"
"West Ham","http://www.doogal.co.uk/StationMap.php?station=West%20Ham","51.528526","0.005332","3"
"West Hampstead","http://www.doogal.co.uk/StationMap.php?station=West%20Hampstead","51.547474","-0.191112","2"
"West Hampstead Thameslink","http://www.doogal.co.uk/StationMap.php?station=West%20Hampstead%20Thameslink","51.548629","-0.192523","2"
"West Harrow","http://www.doogal.co.uk/StationMap.php?station=West%20Harrow","51.578924","-0.353832","5"
"West India Quay","http://www.doogal.co.uk/StationMap.php?station=West%20India%20Quay","51.506763","-0.020568","2"
"West Kensington","http://www.doogal.co.uk/StationMap.php?station=West%20Kensington","51.490109","-0.206189","2"
"West Norwood","http://www.doogal.co.uk/StationMap.php?station=West%20Norwood","51.431241","-0.103175","3"
"West Ruislip","http://www.doogal.co.uk/StationMap.php?station=West%20Ruislip","51.569588","-0.437846","6"
"West Silvertown","http://www.doogal.co.uk/StationMap.php?station=West%20Silvertown","51.502884","0.02226","3"
"West Sutton","http://www.doogal.co.uk/StationMap.php?station=West%20Sutton","51.36615","-0.20463","5"
"West Wickham","http://www.doogal.co.uk/StationMap.php?station=West%20Wickham","51.381284","-0.014562","5"
"Westbourne Park","http://www.doogal.co.uk/StationMap.php?station=Westbourne%20Park","51.520989","-0.200868","2"
"Westcombe Park","http://www.doogal.co.uk/StationMap.php?station=Westcombe%20Park","51.484509","0.01776","3"
"Westferry","http://www.doogal.co.uk/StationMap.php?station=Westferry","51.509638","-0.026309","2"
"Westminster","http://www.doogal.co.uk/StationMap.php?station=Westminster","51.501402","-0.124988","1"
"White City","http://www.doogal.co.uk/StationMap.php?station=White%20City","51.512232","-0.224618","2"
"White Hart Lane","http://www.doogal.co.uk/StationMap.php?station=White%20Hart%20Lane","51.605035","-0.070856","3"
"Whitechapel","http://www.doogal.co.uk/StationMap.php?station=Whitechapel","51.519588","-0.059406","2"
"Whitton","http://www.doogal.co.uk/StationMap.php?station=Whitton","51.449588","-0.357668","5"
"Whyteleafe","http://www.doogal.co.uk/StationMap.php?station=Whyteleafe","51.309929","-0.081121","6"
"Whyteleafe South","http://www.doogal.co.uk/StationMap.php?station=Whyteleafe%20South","51.30349","-0.076698","6"
"Willesden Green","http://www.doogal.co.uk/StationMap.php?station=Willesden%20Green","51.549373","-0.222393","2,3"
"Willesden Junction","http://www.doogal.co.uk/StationMap.php?station=Willesden%20Junction","51.532234","-0.243895","3"
"Wimbledon","http://www.doogal.co.uk/StationMap.php?station=Wimbledon","51.421108","-0.206648","3"
"Wimbledon Chase","http://www.doogal.co.uk/StationMap.php?station=Wimbledon%20Chase","51.409531","-0.214075","3"
"Wimbledon Park","http://www.doogal.co.uk/StationMap.php?station=Wimbledon%20Park","51.434581","-0.199172","3"
"Winchmore Hill","http://www.doogal.co.uk/StationMap.php?station=Winchmore%20Hill","51.633887","-0.100902","4"
"Wood Green","http://www.doogal.co.uk/StationMap.php?station=Wood%20Green","51.597454","-0.109512","3"
"Wood Lane","http://www.doogal.co.uk/StationMap.php?station=Wood%20Lane","51.509658","-0.224458","2"
"Wood Street","http://www.doogal.co.uk/StationMap.php?station=Wood%20Street","51.58667","-0.001939","4"
"Woodford","http://www.doogal.co.uk/StationMap.php?station=Woodford","51.607202","0.034071","4"
"Woodgrange Park","http://www.doogal.co.uk/StationMap.php?station=Woodgrange%20Park","51.549053","0.044587","3,4"
"Woodmansterne","http://www.doogal.co.uk/StationMap.php?station=Woodmansterne","51.319019","-0.154248","6"
"Woodside Park","http://www.doogal.co.uk/StationMap.php?station=Woodside%20Park","51.617868","-0.185411","4"
"Woolwich Arsenal","http://www.doogal.co.uk/StationMap.php?station=Woolwich%20Arsenal","51.489907","0.069208","4"
"Woolwich Dockyard","http://www.doogal.co.uk/StationMap.php?station=Woolwich%20Dockyard","51.491108","0.054627","3"
"Worcester Park","http://www.doogal.co.uk/StationMap.php?station=Worcester%20Park","51.381105","-0.245561","4"